n_contigs	contig_bp	gap_pct	ctg_N50	ctg_L50	ctg_N90	ctg_L90	ctg_max	gc_avg	gc_std	filename
57	2553738	0.000	12	79536	37	23291	169597	0.45940	0.01382	L227_2013_bin22.fna
208	2380829	0.000	42	16682	137	5065	94245	0.48459	0.02009	L227_2013_bin55.fna
140	2089984	0.000	21	27606	90	6236	100381	0.43880	0.01832	L227_2013_bin56.fna
128	1900038	0.000	22	28588	74	6216	77817	0.48282	0.01881	L442_2011_2014_bin64.fna
13	2498969	0.000	3	306698	8	93904	884332	0.46812	0.00973	L227_enr_S_6D_bin01.fna
15	2613542	0.000	3	271513	8	95908	921137	0.48739	0.01006	L304_enr_S_6D_bin01.fna
112	2424981	0.000	25	31037	76	11300	100203	0.50988	0.03506	L304_enr_Fe_6C_bin01.fna
